id;title;body;start_at;finished_at;place
1;Плащ integrated deposit;holistic SMS;2021-07-03T01:04:43;2021-07-03T02:41:06;deposit Свободный Натуральный
2;порт Берет high-level;Джибути monetize;2021-07-02T23:37:35;2021-07-03T02:21:07;сжатие
3;Personal Triple-buffered Стул;radical синтез;2021-07-03T08:04:51;2021-07-02T16:08:58;Резиновый maximize Неодимовый
4;распарсить discrete Интеллектуальный;операционный AGP maximize;2021-07-03T03:17:57;2021-07-03T02:16:51;Бакалея
5;Эргономичный;область мятный;2021-07-03T08:29:58;2021-07-03T09:16:42;страховой
6;вспомогательный Генеральный мятный;transform SDD Cuban;2021-07-03T11:17:09;2021-07-02T17:02:30;Северная сохранить modular
7;function;Account Organic Генеральный;2021-07-03T14:21:03;2021-07-03T12:52:04;Невероятный Албания
8;проспект пр.;benchmark deposit Стальной;2021-07-03T10:40:35;2021-07-02T17:01:44;Хакасия
9;Account Switchable;Республика;2021-07-02T23:59:10;2021-07-02T18:36:29;vertical Областной разработчик
10;Solomon;багровый оптический;2021-07-03T01:23:29;2021-07-03T12:27:52;Checking Воронежская
