id;title;body;date
1;technologies Автомобиль;переопределить Потрясающий internet;2021-07-03T10:47:50
2;blockchains analyzing красота;deposit maximize;2021-07-02T20:53:59
3;кортеж systems;вычисление;2021-07-03T12:50:45
4;platforms Platinum;invoice;2021-07-02T15:00:05
5;коммуникационный Personal;Lithuanian винчестер e-services;2021-07-03T09:42:47
6;cohesive;infomediaries Гранитный;2021-07-02T22:32:15
7;Меховой Reverse-engineered;e-business;2021-07-02T22:10:47
8;Международный;global Хлопковый переопределить;2021-07-02T18:08:22
9;payment payment;желто-коричневый withdrawal;2021-07-02T22:57:40
10;оптимизационный;Forint индексировать;2021-07-03T06:03:50
